feature,mean_importance
TAX,-0.0019590391503887528
CRIM,-0.0006313588249565738
RAD,-5.551115123125783e-17
ZN,-4.4408920985006264e-17
CHAS,-4.4408920985006264e-17
INDUS,0.00010813601869096301
B,0.0005118357506289417
PTRATIO,0.0016588691020520906
AGE,0.004536633761842279
NOX,0.004686960809151703
DIS,0.02721074997896985
LSTAT,0.3658071110687827
RM,0.507260543005865
